Subject,Chapter,Status
Physics,Electric Charges and Fields,Pending
Physics,Electrostatic Potential and Capacitance,Pending
Physics,Current Electricity,Pending
Physics,Moving Charges and Magnetism,Pending
Physics,Magnetism and Matter,Pending
Physics,Electromagnetic Induction,Pending
Physics,Alternating Current,Pending
Physics,Electromagnetic Waves,Pending
Physics,Ray Optics and Optical Instruments,Pending
Physics,Wave Optics,Pending
Physics,Dual Nature of Radiation and Matter,Pending
Physics,Atoms,Pending
Physics,Nuclei,Pending
Physics,Semiconductor Electronics,Pending
Chemistry,Solutions,Pending
Chemistry,Electrochemistry,Pending
Chemistry,Chemical Kinetics,Pending
Chemistry,d- and f-Block Elements,Pending
Chemistry,Coordination Compounds,Pending
Chemistry,Haloalkanes and Haloarenes,Pending
Chemistry,Alcohols Phenols and Ethers,Pending
Chemistry,Aldehydes Ketones and Carboxylic Acids,Pending
Chemistry,Amines,Pending
Chemistry,Biomolecules,Pending
Chemistry,Principles Related to Practical Chemistry,Pending
Mathematics,Relations and Functions,Pending
Mathematics,Inverse Trigonometric Functions,Pending
Mathematics,Matrices,Pending
Mathematics,Determinants,Pending
Mathematics,Continuity and Differentiability,Pending
Mathematics,Application of Derivatives,Pending
Mathematics,Integrals,Pending
Mathematics,Application of Integrals,Pending
Mathematics,Differential Equations,Pending
Mathematics,Vector Algebra,Pending
Mathematics,Three Dimensional Geometry,Pending
Mathematics,Linear Programming,Pending
Mathematics,Probability,Pending
